{
    "Discount Factor": 0.9998346713633913,
    "Convergence Threshold": 2.4131615491532678e-09
}