{
    "alpha": 0.05187855301194419,
    "eps_decay": 0.9890909498032426,
    "eps_min": 0.044447541666908126,
    "Q_init": 0.8324426408004217,
    "gamma": 0.9960616955533914,
    "survival_rate": 72.0
}