{
    "alpha": 0.22788448792879357,
    "eps_decay": 0.9986631455724296,
    "eps_min": 0.01080566902340921,
    "Q_init": 0.6285268944017155,
    "gamma": 0.99740387514627,
    "survival_rate": 73.33333333333333
}